{
"NomeColecao": "Mais Comprados",
"Produtos":
	[{
		"Nome":"Suede Chelsea Boots",
		"PrecoDe": "R$ 350,00",
		"PrecoPor": "R$ 350,00",
		"PrecoDeSemFormatacao": 350.00,
		"PrecoPorSemFormatacao": 350.00,
		"Flag":
		{
		"FreteGratis": true,
		"Novidade": false
		},
		"Avaliacao": 2,
		"Parcelamento": 1,
		"ValorParcelas":"R$ 350,00",
		"Url":"#",
		"UrlImagem":"http://webmoment.com.br/profite/img/suede-chelsea-boots.jpg"
	},
	{
		"Nome":"Nike Air Max 90 Galaxy",
		"PrecoDe": "R$ 699,00",
		"PrecoPor": "R$ 499,00",
		"PrecoDeSemFormatacao": 699.00,
		"PrecoPorSemFormatacao": 499.00,
		"Flag":
		{
		"FreteGratis": false,
		"Novidade": false
		},
		"Avaliacao": 1,
		"Parcelamento": 1,
		"ValorParcelas": "R$ 699,00",
		"Url":"#",
		"UrlImagem":"http://webmoment.com.br/profite/img/nike-air-max-90-galaxy.jpg"
	},
	{
		"Nome":"Nike Air Max Tava Gradient",
		"PrecoDe": "R$ 599,00",
		"PrecoPor": "R$ 599,00",
		"PrecoDeSemFormatacao": 599.00,
		"PrecoPorSemFormatacao": 599.00,
		"Flag":
		{
		"FreteGratis": false,
		"Novidade": false
		},
		"Avaliacao": 4,
		"Parcelamento": 1,
		"ValorParcelas": "R$ 599,00",
		"Url":"#",
		"UrlImagem":"http://webmoment.com.br/profite/img/nike-air-max-tava-gradient.jpg"
	},
	{
		"Nome":"Timberland Yellow Boot",
		"PrecoDe": "R$ 699,00",
		"PrecoPor": "R$ 499,00",
		"PrecoDeSemFormatacao": 699.00,
		"PrecoPorSemFormatacao": 499.00,
		"Flag":
		{
		"FreteGratis": true,
		"Novidade": true
		},
		"Avaliacao": 3,
		"Parcelamento": 10,
		"ValorParcelas": "R$ 49,90",
		"Url":"#",
		"UrlImagem":"http://webmoment.com.br/profite/img/timberland-yellow-boot.jpg"
	},
	{
		"Nome":"Vans SK8 Hi Preto",
		"PrecoDe": "R$ 320,00",
		"PrecoPor": "R$ 240,00",
		"PrecoDeSemFormatacao": 320.00,
		"PrecoPorSemFormatacao": 240.00,
		"Flag":
		{
		"FreteGratis": true,
		"Novidade": false
		},
		"Avaliacao": 3,
		"Parcelamento": 1,
		"ValorParcelas": "R$ 240,90",
		"Url":"#",
		"UrlImagem": "http://webmoment.com.br/profite/img/vans-sk8-hi-preto.jpg"
	}
	]
}